<?xml version="1.0" encoding="UTF-8"?>
<project-private xmlns="http://www.netbeans.org/ns/project-private/1">
    <editor-bookmarks xmlns="http://www.netbeans.org/ns/editor-bookmarks/2" lastBookmarkId="0"/>
    <open-files xmlns="http://www.netbeans.org/ns/projectui-open-files/2">
        <group>
            <file>file:/C:/Users/dell/Documents/NetBeansProjects/DBMS%20-%20EAT+/src/dbms/eat/OrderHistoryGUI.java</file>
            <file>file:/C:/Users/dell/Documents/NetBeansProjects/DBMS%20-%20EAT+/src/dbms/eat/AdminPanelGUI.java</file>
            <file>file:/C:/Users/dell/Documents/NetBeansProjects/DBMS%20-%20EAT+/src/dbms/eat/RestaurantGUI.java</file>
            <file>file:/C:/Users/dell/Documents/NetBeansProjects/DBMS%20-%20EAT+/src/dbms/eat/Kababjees%20Fried%20Chicken.JPG</file>
            <file>file:/C:/Users/dell/Documents/NetBeansProjects/DBMS%20-%20EAT+/src/dbms/eat/CartGUI.java</file>
            <file>file:/C:/Users/dell/Documents/NetBeansProjects/DBMS%20-%20EAT+/src/dbms/eat/RiderGUI.java</file>
            <file>file:/C:/Users/dell/Documents/NetBeansProjects/DBMS%20-%20EAT+/src/dbms/eat/Fried%20Rice.JPG</file>
            <file>file:/C:/Users/dell/Documents/NetBeansProjects/DBMS%20-%20EAT+/src/dbms/eat/CouponGUI.java</file>
            <file>file:/C:/Users/dell/Documents/NetBeansProjects/DBMS%20-%20EAT+/src/dbms/eat/HomePageGUI.java</file>
            <file>file:/C:/Users/dell/Documents/NetBeansProjects/DBMS%20-%20EAT+/src/dbms/eat/DBMSEAT.java</file>
            <file>file:/C:/Users/dell/Documents/NetBeansProjects/DBMS%20-%20EAT+/src/dbms/eat/LoginGUI.java</file>
            <file>file:/C:/Users/dell/Documents/NetBeansProjects/DBMS%20-%20EAT+/src/dbms/eat/ConnectionToDB.java</file>
            <file>file:/C:/Users/dell/Documents/NetBeansProjects/DBMS%20-%20EAT+/src/dbms/eat/AR%20REHMAN%20Biryani.JPG</file>
            <file>file:/C:/Users/dell/Documents/NetBeansProjects/DBMS%20-%20EAT+/src/dbms/eat/Bistro.JPG</file>
            <file>file:/C:/Users/dell/Documents/NetBeansProjects/DBMS%20-%20EAT+/src/Class/User.java</file>
            <file>file:/C:/Users/dell/Documents/NetBeansProjects/DBMS%20-%20EAT+/src/dbms/eat/rider.jpg</file>
            <file>file:/C:/Users/dell/Documents/NetBeansProjects/DBMS%20-%20EAT+/src/dbms/eat/Fastfood.JPG</file>
            <file>file:/C:/Users/dell/Documents/NetBeansProjects/DBMS%20-%20EAT+/src/dbms/eat/Desi.JPG</file>
            <file>file:/C:/Users/dell/Documents/NetBeansProjects/DBMS%20-%20EAT+/src/dbms/eat/Ice%20Cream%20Parlour.JPG</file>
            <file>file:/C:/Users/dell/Documents/NetBeansProjects/DBMS%20-%20EAT+/src/dbms/eat/Pizza%20Hut.JPG</file>
            <file>file:/C:/Users/dell/Documents/NetBeansProjects/DBMS%20-%20EAT+/src/dbms/eat/ReceiptGUI.java</file>
            <file>file:/C:/Users/dell/Documents/NetBeansProjects/DBMS%20-%20EAT+/src/dbms/eat/SearchPageGUI.java</file>
            <file>file:/C:/Users/dell/Documents/NetBeansProjects/DBMS%20-%20EAT+/src/dbms/eat/SignUpGUI.java</file>
        </group>
    </open-files>
</project-private>
